"El Catálogo Nacional de Códigos Postales, es elaborado por Correos de México y se proporciona en forma gratuita para uso particular, no estando permitida su comercialización, total o parcial, ni su distribución a terceros bajo ningún concepto.",,,,,,
Código Postal,Estado,Municipio,Ciudad,Tipo de Asentamiento,Asentamiento,Clave de Oficina
25000,Coahuila de Zaragoza,Saltillo,Saltillo,Colonia,Saltillo Centro,25001
25010,Coahuila de Zaragoza,Saltillo,Saltillo,Colonia,Vista Hermosa,25001
25010,Coahuila de Zaragoza,Saltillo,Saltillo,Fraccionamiento,La Fuente,25001
25010,Coahuila de Zaragoza,Saltillo,Saltillo,Colonia,Privada la Misión,25001
25010,Coahuila de Zaragoza,Saltillo,Saltillo,Colonia,Privada la Campana,25001
25010,Coahuila de Zaragoza,Saltillo,Saltillo,Colonia,Nuevo Saltillo,25001
25010,Coahuila de Zaragoza,Saltillo,Saltillo,Fraccionamiento,Privada de San Javier,25001
25010,Coahuila de Zaragoza,Saltillo,Saltillo,Colonia,Solidaridad,25001
25010,Coahuila de Zaragoza,Saltillo,Saltillo,Fraccionamiento,Parajes de la Sierra,25001
25013,Coahuila de Zaragoza,Saltillo,Saltillo,Colonia,15 de Septiembre,25001
25013,Coahuila de Zaragoza,Saltillo,Saltillo,Fraccionamiento,Villa Morelos,25001
25013,Coahuila de Zaragoza,Saltillo,Saltillo,Fraccionamiento,Milenio,25001
25013,Coahuila de Zaragoza,Saltillo,Saltillo,Colonia,El Monte del Sinaí,25001
25013,Coahuila de Zaragoza,Saltillo,Saltillo,Fraccionamiento,Cordillera,25001
25013,Coahuila de Zaragoza,Saltillo,Saltillo,Fraccionamiento,La Cascada,25001
25013,Coahuila de Zaragoza,Saltillo,Saltillo,Colonia,Ampliación Morelos,25001
25013,Coahuila de Zaragoza,Saltillo,Saltillo,Fraccionamiento,Amistad,25001
25013,Coahuila de Zaragoza,Saltillo,Saltillo,Fraccionamiento,Morelos Nueva Creación,25001
25013,Coahuila de Zaragoza,Saltillo,Saltillo,Fraccionamiento,Balcones de Morelos,25001
25013,Coahuila de Zaragoza,Saltillo,Saltillo,Fraccionamiento,Valle de Morelos,25001
25013,Coahuila de Zaragoza,Saltillo,Saltillo,Zona industrial,Parque Industrial Amistad,25001
25013,Coahuila de Zaragoza,Saltillo,Saltillo,Colonia,Privada Morelos,25001
25013,Coahuila de Zaragoza,Saltillo,Saltillo,Fraccionamiento,Colibrí,25001
25014,Coahuila de Zaragoza,Saltillo,Saltillo,Colonia,10 de Abril,25001
25014,Coahuila de Zaragoza,Saltillo,Saltillo,Colonia,San Pedro de los Pinos,25001
25014,Coahuila de Zaragoza,Saltillo,Saltillo,Colonia,Cecilia Ocelli de Salinas,25001
25015,Coahuila de Zaragoza,Saltillo,Saltillo,Colonia,Fundadores,25001
25015,Coahuila de Zaragoza,Saltillo,Saltillo,Fraccionamiento,El Pedregal,25001
25015,Coahuila de Zaragoza,Saltillo,Saltillo,Colonia,Fuentes del Pedregal,25001
25015,Coahuila de Zaragoza,Saltillo,Saltillo,Colonia,Edgar Puente,25001
25015,Coahuila de Zaragoza,Saltillo,Saltillo,Colonia,Nueva Vida,25001
25015,Coahuila de Zaragoza,Saltillo,Saltillo,Colonia,Villa de Santiago,25001
25015,Coahuila de Zaragoza,Saltillo,Saltillo,Colonia,Lomas del Pedregal,25001
25015,Coahuila de Zaragoza,Saltillo,Saltillo,Fraccionamiento,Lomas de Zapaliname,25001
25015,Coahuila de Zaragoza,Saltillo,Saltillo,Colonia,Valle de las Aves,25001
25015,Coahuila de Zaragoza,Saltillo,Saltillo,Colonia,Salomón Abedrop,25001
25015,Coahuila de Zaragoza,Saltillo,Saltillo,Colonia,Lomas de San Francisco,25001
25015,Coahuila de Zaragoza,Saltillo,Saltillo,Colonia,Nueva Independencia,25001
25015,Coahuila de Zaragoza,Saltillo,Saltillo,Colonia,Nuevo Progreso,25001
25015,Coahuila de Zaragoza,Saltillo,Saltillo,Colonia,Introductores de Ganado,25001
25016,Coahuila de Zaragoza,Saltillo,Saltillo,Fraccionamiento,Ignacio Zaragoza,25001
25016,Coahuila de Zaragoza,Saltillo,Saltillo,Fraccionamiento,Residencial los Rosales,25001
25016,Coahuila de Zaragoza,Saltillo,Saltillo,Fraccionamiento,Colinas de Santiago,25001
25016,Coahuila de Zaragoza,Saltillo,Saltillo,Colonia,Popular Loma Blanca,25001
25016,Coahuila de Zaragoza,Saltillo,Saltillo,Fraccionamiento,Sierra Alta Residencial,25001
25016,Coahuila de Zaragoza,Saltillo,Saltillo,Fraccionamiento,Prados de San José,25001
25016,Coahuila de Zaragoza,Saltillo,Saltillo,Fraccionamiento,Tres Vientos,25001
25016,Coahuila de Zaragoza,Saltillo,Saltillo,Fraccionamiento,Valle de los Almendros,25001
25016,Coahuila de Zaragoza,Saltillo,Saltillo,Fraccionamiento,Privada Villas de San José,25001
25016,Coahuila de Zaragoza,Saltillo,Saltillo,Fraccionamiento,Nuevo Valle de los Almendros,25001
25016,Coahuila de Zaragoza,Saltillo,Saltillo,Fraccionamiento,Ciudad Mirasierra,25001
25016,Coahuila de Zaragoza,Saltillo,Saltillo,Fraccionamiento,Lomas del Bosque,25001
25016,Coahuila de Zaragoza,Saltillo,Saltillo,Fraccionamiento,Puerta del Oriente,25001
25016,Coahuila de Zaragoza,Saltillo,Saltillo,Fraccionamiento,Privadas la Torre,25001
25016,Coahuila de Zaragoza,Saltillo,Saltillo,Fraccionamiento,Privada los Magueyes,25001
25016,Coahuila de Zaragoza,Saltillo,Saltillo,Colonia,Loma Linda,25001
25016,Coahuila de Zaragoza,Saltillo,Saltillo,Colonia,Gaspar Valdez,25001
25016,Coahuila de Zaragoza,Saltillo,Saltillo,Fraccionamiento,Real del Sol,25001
25016,Coahuila de Zaragoza,Saltillo,Saltillo,Fraccionamiento,Recreativo Sección 38,25001
25016,Coahuila de Zaragoza,Saltillo,Saltillo,Colonia,Francisco I Madero Rústico,25001
25016,Coahuila de Zaragoza,Saltillo,Saltillo,Fraccionamiento,Nuevo Mirasierra,25001
25016,Coahuila de Zaragoza,Saltillo,Saltillo,Fraccionamiento,Privadas Sierras del Oriente,25001
25016,Coahuila de Zaragoza,Saltillo,Saltillo,Fraccionamiento,Sierra Blanca,25001
25016,Coahuila de Zaragoza,Saltillo,Saltillo,Fraccionamiento,Misión Cerritos,25001
25016,Coahuila de Zaragoza,Saltillo,Saltillo,Fraccionamiento,Santa Lucía,25001
25017,Coahuila de Zaragoza,Saltillo,Saltillo,Fraccionamiento,Ampliación Valle de Morelos,25001
25017,Coahuila de Zaragoza,Saltillo,Saltillo,Colonia,Morelos,25001
25017,Coahuila de Zaragoza,Saltillo,Saltillo,Colonia,Ampliación Morelos Segundo Sector,25001
25019,Coahuila de Zaragoza,Saltillo,Saltillo,Colonia,Conquistadores,25001
25019,Coahuila de Zaragoza,Saltillo,Saltillo,Fraccionamiento,Privada Nogal I,25001
25019,Coahuila de Zaragoza,Saltillo,Saltillo,Colonia,La Nogalera,25001
25019,Coahuila de Zaragoza,Saltillo,Saltillo,Colonia,El Cerrito,25001
25019,Coahuila de Zaragoza,Saltillo,Saltillo,Colonia,Nueva Tlaxcala,25001
25019,Coahuila de Zaragoza,Saltillo,Saltillo,Colonia,Rubén Jaramillo,25001
25019,Coahuila de Zaragoza,Saltillo,Saltillo,Colonia,Tierra y Libertad,25001
25019,Coahuila de Zaragoza,Saltillo,Saltillo,Colonia,La Morita,25001
25019,Coahuila de Zaragoza,Saltillo,Saltillo,Colonia,Nueva Imagen,25001
25019,Coahuila de Zaragoza,Saltillo,Saltillo,Colonia,El Ejido,25001
25019,Coahuila de Zaragoza,Saltillo,Saltillo,Fraccionamiento,El Nogalar,25001
25019,Coahuila de Zaragoza,Saltillo,Saltillo,Colonia,Nuevo Amanecer,25001
25019,Coahuila de Zaragoza,Saltillo,Saltillo,Colonia,Las Candelarias,25001
25019,Coahuila de Zaragoza,Saltillo,Saltillo,Colonia,Postal Cerritos,25001
25019,Coahuila de Zaragoza,Saltillo,Saltillo,Colonia,San José,25001
25019,Coahuila de Zaragoza,Saltillo,Saltillo,Fraccionamiento,Los Lirios,25001
25019,Coahuila de Zaragoza,Saltillo,Saltillo,Fraccionamiento,Candelarias Residencial,25001
25019,Coahuila de Zaragoza,Saltillo,Saltillo,Colonia,Santa María,25001
25019,Coahuila de Zaragoza,Saltillo,Saltillo,Colonia,Las Maravillas,25001
25019,Coahuila de Zaragoza,Saltillo,Saltillo,Fraccionamiento,Villa Fundadores,25001
25020,Coahuila de Zaragoza,Saltillo,Saltillo,Colonia,Provivienda,25001
25020,Coahuila de Zaragoza,Saltillo,Saltillo,Colonia,San Ramón,25001
25020,Coahuila de Zaragoza,Saltillo,Saltillo,Colonia,Urdiñola,25001
25020,Coahuila de Zaragoza,Saltillo,Saltillo,Colonia,Zapaliname,25001
25020,Coahuila de Zaragoza,Saltillo,Saltillo,Colonia,Indio,25001
25020,Coahuila de Zaragoza,Saltillo,Saltillo,Fraccionamiento,San Esteban,25001
25020,Coahuila de Zaragoza,Saltillo,Saltillo,Colonia,Valle de San Ramón,25001
25022,Coahuila de Zaragoza,Saltillo,Saltillo,Equipamiento,Centro Metropolitano,25001
25022,Coahuila de Zaragoza,Saltillo,Saltillo,Equipamiento,Parque las Maravillas,25001
25023,Coahuila de Zaragoza,Saltillo,Saltillo,Colonia,Universidad Pueblo,25001
25023,Coahuila de Zaragoza,Saltillo,Saltillo,Fraccionamiento,Montevista,25001
25023,Coahuila de Zaragoza,Saltillo,Saltillo,Fraccionamiento,Cantabria,25001
25023,Coahuila de Zaragoza,Saltillo,Saltillo,Colonia,Nueva Esperanza,25001
25023,Coahuila de Zaragoza,Saltillo,Saltillo,Colonia,La Palma,25001
25023,Coahuila de Zaragoza,Saltillo,Saltillo,Colonia,El Paraíso,25001
25023,Coahuila de Zaragoza,Saltillo,Saltillo,Colonia,San Vicente,25001
25023,Coahuila de Zaragoza,Saltillo,Saltillo,Colonia,Arboledas Popular,25001
25023,Coahuila de Zaragoza,Saltillo,Saltillo,Colonia,Loma Bonita,25001
25023,Coahuila de Zaragoza,Saltillo,Saltillo,Colonia,Valle de las Palmas,25001
25023,Coahuila de Zaragoza,Saltillo,Saltillo,Fraccionamiento,Valle de Santa Elena,25001
25023,Coahuila de Zaragoza,Saltillo,Saltillo,Fraccionamiento,La Rosaleda,25001
25030,Coahuila de Zaragoza,Saltillo,Saltillo,Colonia,Agua Azul,25001
25030,Coahuila de Zaragoza,Saltillo,Saltillo,Colonia,Arcos de Belén,25001
25030,Coahuila de Zaragoza,Saltillo,Saltillo,Colonia,González Cepeda,25001
25030,Coahuila de Zaragoza,Saltillo,Saltillo,Colonia,Loma de Santa Anita,25001
25034,Coahuila de Zaragoza,Saltillo,Saltillo,Fraccionamiento,Magisterio Sección 38,25001
25034,Coahuila de Zaragoza,Saltillo,Saltillo,Colonia,Santa Anita,25001
25034,Coahuila de Zaragoza,Saltillo,Saltillo,Colonia,Esther Santos,25001
25036,Coahuila de Zaragoza,Saltillo,Saltillo,Colonia,Huertas de Venancio,25001
25038,Coahuila de Zaragoza,Saltillo,Saltillo,Colonia,Condesa,25001
25038,Coahuila de Zaragoza,Saltillo,Saltillo,Colonia,Ampliación San Ramón,25001
25039,Coahuila de Zaragoza,Saltillo,Saltillo,Colonia,Deimos,25001
25040,Coahuila de Zaragoza,Saltillo,Saltillo,Colonia,Ojo de Agua,25001
25040,Coahuila de Zaragoza,Saltillo,Saltillo,Fraccionamiento,San Lorenzo,25001
25040,Coahuila de Zaragoza,Saltillo,Saltillo,Barrio,Barrio Santa Anita,25001
25040,Coahuila de Zaragoza,Saltillo,Saltillo,Colonia,Viramontes,25001
25040,Coahuila de Zaragoza,Saltillo,Saltillo,Colonia,Balcones de Bellavista,25001
25043,Coahuila de Zaragoza,Saltillo,Saltillo,Colonia,Héroes de Chapultepec,25001
25045,Coahuila de Zaragoza,Saltillo,Saltillo,Colonia,Zapateros,25001
25045,Coahuila de Zaragoza,Saltillo,Saltillo,Fraccionamiento,Portal de Santiago,25001
25047,Coahuila de Zaragoza,Saltillo,Saltillo,Fraccionamiento,Los Álamos,25001
25048,Coahuila de Zaragoza,Saltillo,Saltillo,Colonia,Burócratas del Estado,25001
25048,Coahuila de Zaragoza,Saltillo,Saltillo,Colonia,Lomas de Chapultepec,25001
25049,Coahuila de Zaragoza,Saltillo,Saltillo,Colonia,Santa María,25001
25049,Coahuila de Zaragoza,Saltillo,Saltillo,Colonia,Simón Bolívar,25001
25049,Coahuila de Zaragoza,Saltillo,Saltillo,Barrio,Águila de Oro,25001
25050,Coahuila de Zaragoza,Saltillo,Saltillo,Colonia,Benito Juárez,25001
25050,Coahuila de Zaragoza,Saltillo,Saltillo,Colonia,María del Carmen Cabello,25001
25050,Coahuila de Zaragoza,Saltillo,Saltillo,Colonia,Centenario,25001
25050,Coahuila de Zaragoza,Saltillo,Saltillo,Colonia,Chapultepec,25001
25050,Coahuila de Zaragoza,Saltillo,Saltillo,Colonia,La Madrid,25001
25050,Coahuila de Zaragoza,Saltillo,Saltillo,Colonia,Rosa María Gutiérrez,25001
25056,Coahuila de Zaragoza,Saltillo,Saltillo,Colonia,El Salvador,25001
25057,Coahuila de Zaragoza,Saltillo,Saltillo,Fraccionamiento,El Volcán,25001
25057,Coahuila de Zaragoza,Saltillo,Saltillo,Fraccionamiento,Los Nogales,25001
25057,Coahuila de Zaragoza,Saltillo,Saltillo,Colonia,Jesús Cabello,25001
25057,Coahuila de Zaragoza,Saltillo,Saltillo,Colonia,Lomas de San Javier,25001
25057,Coahuila de Zaragoza,Saltillo,Saltillo,Fraccionamiento,Colinas de San Francisco,25001
25057,Coahuila de Zaragoza,Saltillo,Saltillo,Fraccionamiento,La Herradura,25001
25057,Coahuila de Zaragoza,Saltillo,Saltillo,Fraccionamiento,Los Nogales II,25001
25057,Coahuila de Zaragoza,Saltillo,Saltillo,Fraccionamiento,Parajes de Oriente,25001
25060,Coahuila de Zaragoza,Saltillo,Saltillo,Colonia,Bellavista,25001
25060,Coahuila de Zaragoza,Saltillo,Saltillo,Unidad habitacional,Francisco I Madero,25001
25060,Coahuila de Zaragoza,Saltillo,Saltillo,Colonia,Segovia Gil,25001
25060,Coahuila de Zaragoza,Saltillo,Saltillo,Colonia,Lázaro Cárdenas,25001
25060,Coahuila de Zaragoza,Saltillo,Saltillo,Colonia,Los Arcos,25001
25060,Coahuila de Zaragoza,Saltillo,Saltillo,Colonia,Lucio Blanco,25001
25060,Coahuila de Zaragoza,Saltillo,Saltillo,Colonia,Miravalle,25001
25060,Coahuila de Zaragoza,Saltillo,Saltillo,Colonia,San Lorenzo Oriente,25001
25060,Coahuila de Zaragoza,Saltillo,Saltillo,Colonia,Luis Donaldo Colosio,25001
25060,Coahuila de Zaragoza,Saltillo,Saltillo,Fraccionamiento,Acueducto,25001
25060,Coahuila de Zaragoza,Saltillo,Saltillo,Colonia,La Central,25001
25060,Coahuila de Zaragoza,Saltillo,Saltillo,Colonia,Bellavista Mesa de Arizpe,25001
25065,Coahuila de Zaragoza,Saltillo,Saltillo,Colonia,Huertas de San Lorenzo,25001
25065,Coahuila de Zaragoza,Saltillo,Saltillo,Colonia,15 de Abril,25001
25065,Coahuila de Zaragoza,Saltillo,Saltillo,Fraccionamiento,Cerrada San Lorenzo,25001
25065,Coahuila de Zaragoza,Saltillo,Saltillo,Colonia,Jesús García Corona,25001
25065,Coahuila de Zaragoza,Saltillo,Saltillo,Colonia,Patria Libre,25001
25065,Coahuila de Zaragoza,Saltillo,Saltillo,Colonia,Nueva Reforma,25001
25067,Coahuila de Zaragoza,Saltillo,Saltillo,Colonia,Quinta Valle,25001
25068,Coahuila de Zaragoza,Saltillo,Saltillo,Colonia,Quinta Esmeralda,25001
25069,Coahuila de Zaragoza,Saltillo,Saltillo,Colonia,Villa Universidad,25001
25069,Coahuila de Zaragoza,Saltillo,Saltillo,Colonia,Valle de Lourdes,25001
25069,Coahuila de Zaragoza,Saltillo,Saltillo,Fraccionamiento,Las Haciendas,25001
25070,Coahuila de Zaragoza,Saltillo,Saltillo,Colonia,Landin,25001
25070,Coahuila de Zaragoza,Saltillo,Saltillo,Colonia,Lomas de Guadalupe,25001
25070,Coahuila de Zaragoza,Saltillo,Saltillo,Colonia,Lourdes,25001
25070,Coahuila de Zaragoza,Saltillo,Saltillo,Fraccionamiento,Privada Obregón Sur,25001
25070,Coahuila de Zaragoza,Saltillo,Saltillo,Colonia,Balcones de Landin,25001
25070,Coahuila de Zaragoza,Saltillo,Saltillo,Fraccionamiento,Lomas de Landín,25001
25070,Coahuila de Zaragoza,Saltillo,Saltillo,Fraccionamiento,Privada Rincón de Salazar,25001
25075,Coahuila de Zaragoza,Saltillo,Saltillo,Colonia,26 de Marzo,25001
25075,Coahuila de Zaragoza,Saltillo,Saltillo,Colonia,Ferrocarrilero 7 de Noviembre,25001
25076,Coahuila de Zaragoza,Saltillo,Saltillo,Colonia,Buenos Aires,25001
25077,Coahuila de Zaragoza,Saltillo,Saltillo,Colonia,Los Balcones de Buenavista,25001
25077,Coahuila de Zaragoza,Saltillo,Saltillo,Colonia,Valle Alto,25001
25080,Coahuila de Zaragoza,Saltillo,Saltillo,Colonia,Eulalio Gutiérrez Treviño,25001
25080,Coahuila de Zaragoza,Saltillo,Saltillo,Colonia,Girasol,25001
25080,Coahuila de Zaragoza,Saltillo,Saltillo,Fraccionamiento,Parques de la Cañada,25001
25080,Coahuila de Zaragoza,Saltillo,Saltillo,Colonia,Froylán Mier Narro,25001
25080,Coahuila de Zaragoza,Saltillo,Saltillo,Colonia,Los Periodistas,25001
25083,Coahuila de Zaragoza,Saltillo,Saltillo,Colonia,El Refugio la Soledad,25001
25083,Coahuila de Zaragoza,Saltillo,Saltillo,Fraccionamiento,Hacienda del Refugio,25001
25083,Coahuila de Zaragoza,Saltillo,Saltillo,Zona industrial,Parque Industrial la Angostura,25001
25083,Coahuila de Zaragoza,Saltillo,Saltillo,Fraccionamiento,Sierra del Sur,25001
25083,Coahuila de Zaragoza,Saltillo,Saltillo,Equipamiento,Hacienda el Mimbre,25001
25083,Coahuila de Zaragoza,Saltillo,Saltillo,Zona industrial,Amistad Alianzas,25001
25084,Coahuila de Zaragoza,Saltillo,Saltillo,Colonia,Lomas del Sur,25001
25084,Coahuila de Zaragoza,Saltillo,Saltillo,Colonia,Valle de San Lorenzo,25001
25084,Coahuila de Zaragoza,Saltillo,Saltillo,Colonia,La Estrella,25001
25084,Coahuila de Zaragoza,Saltillo,Saltillo,Zona militar,69 Batallón de Infantería,25001
25084,Coahuila de Zaragoza,Saltillo,Saltillo,Fraccionamiento,Las Teresitas,25001
25084,Coahuila de Zaragoza,Saltillo,Saltillo,Fraccionamiento,Niños Héroes,25001
25084,Coahuila de Zaragoza,Saltillo,Saltillo,Fraccionamiento,Lomas del Refugio,25001
25084,Coahuila de Zaragoza,Saltillo,Saltillo,Colonia,Las Rosas,25001
25084,Coahuila de Zaragoza,Saltillo,Saltillo,Fraccionamiento,Colinas de San Lorenzo,25001
25084,Coahuila de Zaragoza,Saltillo,Saltillo,Fraccionamiento,Parajes de Santa Elena,25001
25084,Coahuila de Zaragoza,Saltillo,Saltillo,Fraccionamiento,Hacienda las Isabeles,25001
25084,Coahuila de Zaragoza,Saltillo,Saltillo,Fraccionamiento,Villas de la Angostura,25001
25084,Coahuila de Zaragoza,Saltillo,Saltillo,Fraccionamiento,Ampliación la Estrella,25001
25084,Coahuila de Zaragoza,Saltillo,Saltillo,Fraccionamiento,Nuevo Teresitas,25001
25085,Coahuila de Zaragoza,Saltillo,Saltillo,Colonia,Guadalupe Victoria,25001
25085,Coahuila de Zaragoza,Saltillo,Saltillo,Fraccionamiento,Rincón de Foret,25001
25085,Coahuila de Zaragoza,Saltillo,Saltillo,Fraccionamiento,Foret,25001
25085,Coahuila de Zaragoza,Saltillo,Saltillo,Colonia,Genaro Vázquez Rojas,25001
25085,Coahuila de Zaragoza,Saltillo,Saltillo,Colonia,El Latifundio,25001
25086,Coahuila de Zaragoza,Saltillo,Saltillo,Colonia,Burócratas Municipales,25001
25086,Coahuila de Zaragoza,Saltillo,Saltillo,Colonia,Ampliación 26 de Marzo,25001
25086,Coahuila de Zaragoza,Saltillo,Saltillo,Fraccionamiento,Privada Colombia,25001
25087,Coahuila de Zaragoza,Saltillo,Saltillo,Colonia,Ampliación Girasol,25001
25088,Coahuila de Zaragoza,Saltillo,Saltillo,Fraccionamiento,Hacienda Narro,25001
25088,Coahuila de Zaragoza,Saltillo,Saltillo,Fraccionamiento,Villas de San Francisco,25001
25088,Coahuila de Zaragoza,Saltillo,Saltillo,Colonia,Viñedos el Álamo,25001
25088,Coahuila de Zaragoza,Saltillo,Saltillo,Colonia,Agua Nueva,25001
25088,Coahuila de Zaragoza,Saltillo,Saltillo,Colonia,Ricardo Flores Magón,25001
25088,Coahuila de Zaragoza,Saltillo,Saltillo,Colonia,Nueva Jerusalén,25001
25088,Coahuila de Zaragoza,Saltillo,Saltillo,Colonia,El Álamo,25001
25088,Coahuila de Zaragoza,Saltillo,Saltillo,Colonia,23 de Noviembre,25001
25088,Coahuila de Zaragoza,Saltillo,Saltillo,Colonia,El Progreso,25001
25088,Coahuila de Zaragoza,Saltillo,Saltillo,Colonia,María del Carmen Cavazos,25001
25088,Coahuila de Zaragoza,Saltillo,Saltillo,Fraccionamiento,Australia,25001
25088,Coahuila de Zaragoza,Saltillo,Saltillo,Colonia,12 de Octubre,25001
25088,Coahuila de Zaragoza,Saltillo,Saltillo,Colonia,La Esperanza,25001
25088,Coahuila de Zaragoza,Saltillo,Saltillo,Colonia,San Juanita,25001
25088,Coahuila de Zaragoza,Saltillo,Saltillo,Colonia,El Álamo II,25001
25088,Coahuila de Zaragoza,Saltillo,Saltillo,Colonia,Mario Ortiz Rodríguez,25001
25088,Coahuila de Zaragoza,Saltillo,Saltillo,Fraccionamiento,El Álamo,25001
25090,Coahuila de Zaragoza,Saltillo,Saltillo,Colonia,Lomas de Lourdes,25001
25090,Coahuila de Zaragoza,Saltillo,Saltillo,Fraccionamiento,Valle Dorado,25001
25092,Coahuila de Zaragoza,Saltillo,Saltillo,Colonia,Lomas de Santa Cruz,25001
25092,Coahuila de Zaragoza,Saltillo,Saltillo,Unidad habitacional,Humberto Dávila Esquivel,25001
25092,Coahuila de Zaragoza,Saltillo,Saltillo,Fraccionamiento,Villas de San Lorenzo,25001
25092,Coahuila de Zaragoza,Saltillo,Saltillo,Colonia,Las Huertas de Lourdes,25001
25093,Coahuila de Zaragoza,Saltillo,Saltillo,Fraccionamiento,Santa Mónica,25001
25093,Coahuila de Zaragoza,Saltillo,Saltillo,Colonia,Los Buitres,25001
25093,Coahuila de Zaragoza,Saltillo,Saltillo,Fraccionamiento,Colinas del Sur,25001
25093,Coahuila de Zaragoza,Saltillo,Saltillo,Colonia,10 de Mayo,25001
25093,Coahuila de Zaragoza,Saltillo,Saltillo,Fraccionamiento,Hacienda el Cortijo,25001
25093,Coahuila de Zaragoza,Saltillo,Saltillo,Colonia,Mesa de Lourdes,25001
25093,Coahuila de Zaragoza,Saltillo,Saltillo,Fraccionamiento,Portal del Sur,25001
25093,Coahuila de Zaragoza,Saltillo,Saltillo,Colonia,Ampliación Colinas del Sur,25001
25093,Coahuila de Zaragoza,Saltillo,Saltillo,Colonia,Los Buitres II,25001
25094,Coahuila de Zaragoza,Saltillo,Saltillo,Fraccionamiento,Monteverde Residencial,25001
25094,Coahuila de Zaragoza,Saltillo,Saltillo,Fraccionamiento,Paseo de la Estrella,25001
25094,Coahuila de Zaragoza,Saltillo,Saltillo,Fraccionamiento,Privadas la Estrella,25001
25094,Coahuila de Zaragoza,Saltillo,Saltillo,Fraccionamiento,Bosques de las Lomas Residencial,25001
25094,Coahuila de Zaragoza,Saltillo,Saltillo,Fraccionamiento,Cumbres Vista Residencial,25001
25094,Coahuila de Zaragoza,Saltillo,Saltillo,Fraccionamiento,Portal de las Lomas,25001
25096,Coahuila de Zaragoza,Saltillo,Saltillo,Colonia,Miguel Hidalgo,25001
25096,Coahuila de Zaragoza,Saltillo,Saltillo,Fraccionamiento,Vistas de Peña,25001
25096,Coahuila de Zaragoza,Saltillo,Saltillo,Fraccionamiento,Vistas de Peña Sur,25001
25096,Coahuila de Zaragoza,Saltillo,Saltillo,Colonia,María de León,25001
25096,Coahuila de Zaragoza,Saltillo,Saltillo,Colonia,Federico Berrueto Ramón Popular,25001
25096,Coahuila de Zaragoza,Saltillo,Saltillo,Fraccionamiento,Federico Berrueto Ramón,25001
25096,Coahuila de Zaragoza,Saltillo,Saltillo,Colonia,Lomas Verdes,25001
25097,Coahuila de Zaragoza,Saltillo,Saltillo,Colonia,Vicente Guerrero,25001
25097,Coahuila de Zaragoza,Saltillo,Saltillo,Colonia,Las Rosas,25001
25100,Coahuila de Zaragoza,Saltillo,Saltillo,Colonia,Nazario S Ortiz Garza,25001
25100,Coahuila de Zaragoza,Saltillo,Saltillo,Colonia,Industrial Valle de Saltillo,25001
25100,Coahuila de Zaragoza,Saltillo,Saltillo,Fraccionamiento,Hacienda San Rafael,25001
25100,Coahuila de Zaragoza,Saltillo,Saltillo,Colonia,Omega,25001
25100,Coahuila de Zaragoza,Saltillo,Saltillo,Colonia,La Purísima,25001
25107,Coahuila de Zaragoza,Saltillo,Saltillo,Colonia,Asturias,25001
25107,Coahuila de Zaragoza,Saltillo,Saltillo,Fraccionamiento,Portal de Asturias,25001
25107,Coahuila de Zaragoza,Saltillo,Saltillo,Colonia,Rincón de Asturias,25001
25107,Coahuila de Zaragoza,Saltillo,Saltillo,Fraccionamiento,Valle Verde Sector II,25001
25107,Coahuila de Zaragoza,Saltillo,Saltillo,Colonia,Nuevo México,25001
25110,Coahuila de Zaragoza,Saltillo,Saltillo,Fraccionamiento,Ciudad las Torres,25001
25110,Coahuila de Zaragoza,Saltillo,Saltillo,Fraccionamiento,Las Torres,25001
25110,Coahuila de Zaragoza,Saltillo,Saltillo,Colonia,Nuevo Atardecer,25001
25110,Coahuila de Zaragoza,Saltillo,Saltillo,Fraccionamiento,Portales,25001
25110,Coahuila de Zaragoza,Saltillo,Saltillo,Colonia,Evaristo Pérez Arreola,25001
25110,Coahuila de Zaragoza,Saltillo,Saltillo,Fraccionamiento,Valle de las Torres,25001
25110,Coahuila de Zaragoza,Saltillo,Saltillo,Colonia,Flora Ortega,25001
25110,Coahuila de Zaragoza,Saltillo,Saltillo,Fraccionamiento,El Rodeo,25001
25110,Coahuila de Zaragoza,Saltillo,Saltillo,Fraccionamiento,Valle Azteca,25001
25110,Coahuila de Zaragoza,Saltillo,Saltillo,Colonia,La Florencia,25001
25110,Coahuila de Zaragoza,Saltillo,Saltillo,Fraccionamiento,Valle de las Torres II,25001
25110,Coahuila de Zaragoza,Saltillo,Saltillo,Fraccionamiento,Balcones de las Torres,25001
25110,Coahuila de Zaragoza,Saltillo,Saltillo,Fraccionamiento,Valle Satélite,25001
25113,Coahuila de Zaragoza,Saltillo,Saltillo,Colonia,Satélite Sur,25001
25114,Coahuila de Zaragoza,Saltillo,Saltillo,Zona industrial,Parque Industrial las Torres,25001
25115,Coahuila de Zaragoza,Saltillo,Saltillo,Colonia,Satélite Norte,25001
25115,Coahuila de Zaragoza,Saltillo,Saltillo,Fraccionamiento,Santorini,25001
25115,Coahuila de Zaragoza,Saltillo,Saltillo,Fraccionamiento,Saltillo 2000,25001
25115,Coahuila de Zaragoza,Saltillo,Saltillo,Fraccionamiento,Portal de los Agaves,25001
25115,Coahuila de Zaragoza,Saltillo,Saltillo,Fraccionamiento,Portal del Quijote,25001
25115,Coahuila de Zaragoza,Saltillo,Saltillo,Fraccionamiento,San José de Flores,25001
25115,Coahuila de Zaragoza,Saltillo,Saltillo,Fraccionamiento,Portal del Pedregal,25001
25116,Coahuila de Zaragoza,Saltillo,Saltillo,Fraccionamiento,Valencia,25001
25116,Coahuila de Zaragoza,Saltillo,Saltillo,Fraccionamiento,Andalucía,25001
25116,Coahuila de Zaragoza,Saltillo,Saltillo,Colonia,San Isidro,25001
25117,Coahuila de Zaragoza,Saltillo,Saltillo,Fraccionamiento,Ankara Residencial,25001
25117,Coahuila de Zaragoza,Saltillo,Saltillo,Fraccionamiento,Triana,25001
25117,Coahuila de Zaragoza,Saltillo,Saltillo,Fraccionamiento,Privada Lantana,25001
25117,Coahuila de Zaragoza,Saltillo,Saltillo,Fraccionamiento,Privada Luxor,25001
25117,Coahuila de Zaragoza,Saltillo,Saltillo,Fraccionamiento,Villas Castellana,25001
25117,Coahuila de Zaragoza,Saltillo,Saltillo,Fraccionamiento,Real Ankara,25001
25117,Coahuila de Zaragoza,Saltillo,Saltillo,Fraccionamiento,El Rocal Residencial,25001
25117,Coahuila de Zaragoza,Saltillo,Saltillo,Fraccionamiento,Santa Fe,25001
25120,Coahuila de Zaragoza,Saltillo,Saltillo,Colonia,Francisco I Madero,25001
25123,Coahuila de Zaragoza,Saltillo,Saltillo,Colonia,Pedregal de los Santos Sur,25001
25123,Coahuila de Zaragoza,Saltillo,Saltillo,Colonia,Ejido Padres Santos,25001
25123,Coahuila de Zaragoza,Saltillo,Saltillo,Colonia,La Magueyada,25001
25123,Coahuila de Zaragoza,Saltillo,Saltillo,Colonia,Ejido la Vega,25001
25124,Coahuila de Zaragoza,Saltillo,Saltillo,Colonia,Las Cumbres,25001
25124,Coahuila de Zaragoza,Saltillo,Saltillo,Colonia,Rancho Flores,25001
25124,Coahuila de Zaragoza,Saltillo,Saltillo,Colonia,Loma Dorada,25001
25124,Coahuila de Zaragoza,Saltillo,Saltillo,Colonia,Ocho de Enero,25001
25124,Coahuila de Zaragoza,Saltillo,Saltillo,Fraccionamiento,Ignacio Allende,25001
25124,Coahuila de Zaragoza,Saltillo,Saltillo,Fraccionamiento,Residencial Rincón de San Vicente,25001
25125,Coahuila de Zaragoza,Saltillo,Saltillo,Colonia,Roma,25001
25125,Coahuila de Zaragoza,Saltillo,Saltillo,Colonia,Adolfo López Mateos,25001
25128,Coahuila de Zaragoza,Saltillo,Saltillo,Colonia,Josefa Ortiz de Domínguez,25001
25128,Coahuila de Zaragoza,Saltillo,Saltillo,Colonia,Puerto de Flores,25001
25128,Coahuila de Zaragoza,Saltillo,Saltillo,Colonia,1° de Mayo,25001
25130,Coahuila de Zaragoza,Saltillo,Saltillo,Colonia,Anáhuac,25001
25130,Coahuila de Zaragoza,Saltillo,Saltillo,Colonia,Antonio Cárdenas,25001
25130,Coahuila de Zaragoza,Saltillo,Saltillo,Colonia,Gustavo Espinosa Mireles,25001
25130,Coahuila de Zaragoza,Saltillo,Saltillo,Colonia,Isabel Amalia Dávila,25001
25137,Coahuila de Zaragoza,Saltillo,Saltillo,Colonia,Pueblo Insurgentes,25001
25137,Coahuila de Zaragoza,Saltillo,Saltillo,Colonia,Paraíso,25001
25137,Coahuila de Zaragoza,Saltillo,Saltillo,Fraccionamiento,Hacienda la Magueyada,25001
25138,Coahuila de Zaragoza,Saltillo,Saltillo,Colonia,González Norte,25001
25138,Coahuila de Zaragoza,Saltillo,Saltillo,Fraccionamiento,Altaria Residencial,25001
25138,Coahuila de Zaragoza,Saltillo,Saltillo,Fraccionamiento,Emilio Carranza,25001
25138,Coahuila de Zaragoza,Saltillo,Saltillo,Fraccionamiento,Valle Universidad,25001
25138,Coahuila de Zaragoza,Saltillo,Saltillo,Fraccionamiento,Privada Guadalupe,25001
25138,Coahuila de Zaragoza,Saltillo,Saltillo,Fraccionamiento,Cerrada Guadalupe,25001
25140,Coahuila de Zaragoza,Saltillo,Saltillo,Colonia,Cerro del Pueblo,25001
25140,Coahuila de Zaragoza,Saltillo,Saltillo,Colonia,Ejército Constitucionalista,25001
25140,Coahuila de Zaragoza,Saltillo,Saltillo,Colonia,Independencia,25001
25140,Coahuila de Zaragoza,Saltillo,Saltillo,Colonia,Panteones,25001
25140,Coahuila de Zaragoza,Saltillo,Saltillo,Fraccionamiento,Hacienda San Pablo,25001
25140,Coahuila de Zaragoza,Saltillo,Saltillo,Colonia,Las Mitras,25001
25140,Coahuila de Zaragoza,Saltillo,Saltillo,Colonia,Sierras del Poniente,25001
25140,Coahuila de Zaragoza,Saltillo,Saltillo,Colonia,Azteca,25001
25140,Coahuila de Zaragoza,Saltillo,Saltillo,Colonia,Valle de San Antonio,25001
25140,Coahuila de Zaragoza,Saltillo,Saltillo,Colonia,Campo Verde,25001
25140,Coahuila de Zaragoza,Saltillo,Saltillo,Colonia,Obrera,25001
25140,Coahuila de Zaragoza,Saltillo,Saltillo,Colonia,María Luisa,25001
25140,Coahuila de Zaragoza,Saltillo,Saltillo,Colonia,Antonio Cárdenas Sur,25001
25146,Coahuila de Zaragoza,Saltillo,Saltillo,Colonia,Oscar Flores Tapia,25001
25147,Coahuila de Zaragoza,Saltillo,Saltillo,Colonia,Loma Alta,25001
25150,Coahuila de Zaragoza,Saltillo,Saltillo,Colonia,Alfredo V Bonfil,25001
25150,Coahuila de Zaragoza,Saltillo,Saltillo,Colonia,Mirador,25001
25150,Coahuila de Zaragoza,Saltillo,Saltillo,Colonia,Universo,25001
25150,Coahuila de Zaragoza,Saltillo,Saltillo,Colonia,Valle de las Flores Popular,25001
25154,Coahuila de Zaragoza,Saltillo,Saltillo,Colonia,Ejido la Minita,25001
25155,Coahuila de Zaragoza,Saltillo,Saltillo,Colonia,Los Balcones,25001
25155,Coahuila de Zaragoza,Saltillo,Saltillo,Colonia,Puerto de la Virgen,25001
25155,Coahuila de Zaragoza,Saltillo,Saltillo,Colonia,Rincón de Guadalupe,25001
25155,Coahuila de Zaragoza,Saltillo,Saltillo,Colonia,Valle del Poniente,25001
25155,Coahuila de Zaragoza,Saltillo,Saltillo,Colonia,Las Margaritas,25001
25156,Coahuila de Zaragoza,Saltillo,Saltillo,Colonia,Francisco Villa,25001
25157,Coahuila de Zaragoza,Saltillo,Saltillo,Colonia,Los Fresnos,25001
25157,Coahuila de Zaragoza,Saltillo,Saltillo,Colonia,Valle Escondido,25001
25157,Coahuila de Zaragoza,Saltillo,Saltillo,Colonia,Valle Escondido Sur,25001
25157,Coahuila de Zaragoza,Saltillo,Saltillo,Colonia,Venustiano Carranza,25001
25160,Coahuila de Zaragoza,Saltillo,Saltillo,Colonia,Alameda,25001
25160,Coahuila de Zaragoza,Saltillo,Saltillo,Colonia,Del Valle,25001
25160,Coahuila de Zaragoza,Saltillo,Saltillo,Colonia,Zamora,25001
25160,Coahuila de Zaragoza,Saltillo,Saltillo,Colonia,Bordo Ferrocarril,25001
25160,Coahuila de Zaragoza,Saltillo,Saltillo,Fraccionamiento,Huerta los Pilares,25001
25160,Coahuila de Zaragoza,Saltillo,Saltillo,Fraccionamiento,Privada Quinta Narro,25001
25167,Coahuila de Zaragoza,Saltillo,Saltillo,Colonia,Guayulera Tierra y Esperanza,25001
25167,Coahuila de Zaragoza,Saltillo,Saltillo,Colonia,Ampliación Pacheco,25001
25167,Coahuila de Zaragoza,Saltillo,Saltillo,Colonia,Providencia,25001
25167,Coahuila de Zaragoza,Saltillo,Saltillo,Fraccionamiento,Privada Coahuila y Zacatecas,25001
25168,Coahuila de Zaragoza,Saltillo,Saltillo,Fraccionamiento,Privada Beta Centauro,25001
25169,Coahuila de Zaragoza,Saltillo,Saltillo,Colonia,Brisas del Valle,25001
25169,Coahuila de Zaragoza,Saltillo,Saltillo,Colonia,Unidad Modelo,25001
25170,Coahuila de Zaragoza,Saltillo,Saltillo,Colonia,El Bosque,25001
25170,Coahuila de Zaragoza,Saltillo,Saltillo,Colonia,La Minita,25001
25170,Coahuila de Zaragoza,Saltillo,Saltillo,Colonia,La Peñita,25001
25179,Coahuila de Zaragoza,Saltillo,Saltillo,Colonia,Los Cuernitos,25001
25180,Coahuila de Zaragoza,Saltillo,Saltillo,Colonia,Chamizal,25001
25180,Coahuila de Zaragoza,Saltillo,Saltillo,Colonia,Guayulera,25001
25180,Coahuila de Zaragoza,Saltillo,Saltillo,Colonia,Ruiz Cortines,25001
25186,Coahuila de Zaragoza,Saltillo,Saltillo,Colonia,San Miguel,25001
25186,Coahuila de Zaragoza,Saltillo,Saltillo,Colonia,El Edén,25001
25188,Coahuila de Zaragoza,Saltillo,Saltillo,Colonia,Río Verde,25001
25190,Coahuila de Zaragoza,Saltillo,Saltillo,Colonia,5 de Mayo,25001
25190,Coahuila de Zaragoza,Saltillo,Saltillo,Colonia,El Tanquecito,25001
25190,Coahuila de Zaragoza,Saltillo,Saltillo,Colonia,Providencia,25001
25193,Coahuila de Zaragoza,Saltillo,Saltillo,Colonia,Héroes de Nacozari,25001
25194,Coahuila de Zaragoza,Saltillo,Saltillo,Colonia,Ignacio Zaragoza Popular,25001
25194,Coahuila de Zaragoza,Saltillo,Saltillo,Colonia,Valle Verde,25001
25194,Coahuila de Zaragoza,Saltillo,Saltillo,Colonia,Julieta Pérez,25001
25194,Coahuila de Zaragoza,Saltillo,Saltillo,Colonia,Diana Laura Riojas de Colosio,25001
25194,Coahuila de Zaragoza,Saltillo,Saltillo,Colonia,Los Berros,25001
25195,Coahuila de Zaragoza,Saltillo,Saltillo,Colonia,Patria Nueva,25001
25196,Coahuila de Zaragoza,Saltillo,Saltillo,Colonia,Santa Teresa,25001
25197,Coahuila de Zaragoza,Saltillo,Saltillo,Colonia,Ladrilleros,25001
25197,Coahuila de Zaragoza,Saltillo,Saltillo,Colonia,Los Rosarios Popular,25001
25197,Coahuila de Zaragoza,Saltillo,Saltillo,Colonia,La Esmeralda,25001
25197,Coahuila de Zaragoza,Saltillo,Saltillo,Colonia,La Joyita,25001
25197,Coahuila de Zaragoza,Saltillo,Saltillo,Fraccionamiento,El Morillo,25001
25197,Coahuila de Zaragoza,Saltillo,Saltillo,Colonia,La Romita,25001
25198,Coahuila de Zaragoza,Saltillo,Saltillo,Colonia,Los Pinos,25001
25199,Coahuila de Zaragoza,Saltillo,Saltillo,Colonia,San Isidro,25001
25200,Coahuila de Zaragoza,Saltillo,Saltillo,Colonia,Las Huertas,25001
25200,Coahuila de Zaragoza,Saltillo,Saltillo,Colonia,Los Rodríguez,25001
25200,Coahuila de Zaragoza,Saltillo,Saltillo,Fraccionamiento,Arboledas Residencial,25001
25200,Coahuila de Zaragoza,Saltillo,Saltillo,Fraccionamiento,Los Zendejos,25001
25200,Coahuila de Zaragoza,Saltillo,Saltillo,Fraccionamiento,La Rioja Terrán,25001
25200,Coahuila de Zaragoza,Saltillo,Saltillo,Fraccionamiento,La Rioja,25001
25200,Coahuila de Zaragoza,Saltillo,Saltillo,Fraccionamiento,Villanatura,25001
25200,Coahuila de Zaragoza,Saltillo,Saltillo,Fraccionamiento,Villas de Sayavedra,25001
25200,Coahuila de Zaragoza,Saltillo,Saltillo,Fraccionamiento,Jardines de Versalles,25001
25200,Coahuila de Zaragoza,Saltillo,Saltillo,Colonia,Las Cabañas,25001
25200,Coahuila de Zaragoza,Saltillo,Saltillo,Fraccionamiento,Villas del Ranchito,25001
25200,Coahuila de Zaragoza,Saltillo,Saltillo,Fraccionamiento,Rincón de Sayavedra,25001
25203,Coahuila de Zaragoza,Saltillo,Saltillo,Fraccionamiento,Las Magnolias,25001
25203,Coahuila de Zaragoza,Saltillo,Saltillo,Fraccionamiento,Jacarandas Jardín,25001
25203,Coahuila de Zaragoza,Saltillo,Saltillo,Colonia,Nuestra Señora de Fátima,25001
25204,Coahuila de Zaragoza,Saltillo,Saltillo,Fraccionamiento,Habita,25001
25204,Coahuila de Zaragoza,Saltillo,Saltillo,Colonia,Los González,25001
25204,Coahuila de Zaragoza,Saltillo,Saltillo,Fraccionamiento,San Alberto,25001
25204,Coahuila de Zaragoza,Saltillo,Saltillo,Fraccionamiento,Residencial San Patricio,25001
25204,Coahuila de Zaragoza,Saltillo,Saltillo,Colonia,El Portal,25001
25204,Coahuila de Zaragoza,Saltillo,Saltillo,Colonia,Privada Emilio Rodríguez,25001
25204,Coahuila de Zaragoza,Saltillo,Saltillo,Fraccionamiento,La Cantera Residencial,25001
25204,Coahuila de Zaragoza,Saltillo,Saltillo,Fraccionamiento,Habita II,25001
25204,Coahuila de Zaragoza,Saltillo,Saltillo,Fraccionamiento,La Joya,25001
25204,Coahuila de Zaragoza,Saltillo,Saltillo,Fraccionamiento,Albareda Residencial,25001
25204,Coahuila de Zaragoza,Saltillo,Saltillo,Fraccionamiento,Saqqara,25001
25204,Coahuila de Zaragoza,Saltillo,Saltillo,Fraccionamiento,Los Pinos,25001
25204,Coahuila de Zaragoza,Saltillo,Saltillo,Fraccionamiento,Valle Real,25001
25204,Coahuila de Zaragoza,Saltillo,Saltillo,Colonia,Villa Toscana,25001
25204,Coahuila de Zaragoza,Saltillo,Saltillo,Fraccionamiento,Villas de San Miguel,25001
25204,Coahuila de Zaragoza,Saltillo,Saltillo,Colonia,Los Siller,25001
25204,Coahuila de Zaragoza,Saltillo,Saltillo,Fraccionamiento,San Patricio Plus,25001
25204,Coahuila de Zaragoza,Saltillo,Saltillo,Fraccionamiento,San José Residencial,25001
25204,Coahuila de Zaragoza,Saltillo,Saltillo,Fraccionamiento,Hacienda San Jerónimo,25001
25204,Coahuila de Zaragoza,Saltillo,Saltillo,Fraccionamiento,Villas de Aranjuez,25001
25206,Coahuila de Zaragoza,Saltillo,Saltillo,Colonia,Jardines Coloniales,25001
25206,Coahuila de Zaragoza,Saltillo,Saltillo,Zona industrial,Parque Industrial Ventura,25001
25206,Coahuila de Zaragoza,Saltillo,Saltillo,Fraccionamiento,Las Quintas,25001
25206,Coahuila de Zaragoza,Saltillo,Saltillo,Fraccionamiento,Privada Coloniales,25001
25207,Coahuila de Zaragoza,Saltillo,Saltillo,Colonia,Los Algodones,25001
25207,Coahuila de Zaragoza,Saltillo,Saltillo,Fraccionamiento,Country Club Residencial,25001
25207,Coahuila de Zaragoza,Saltillo,Saltillo,Colonia,Puerta del Sol,25001
25207,Coahuila de Zaragoza,Saltillo,Saltillo,Fraccionamiento,El Suspiro,25001
25207,Coahuila de Zaragoza,Saltillo,Saltillo,Fraccionamiento,Valle Hermoso,25001
25207,Coahuila de Zaragoza,Saltillo,Saltillo,Fraccionamiento,Los Cedros Residencial,25001
25207,Coahuila de Zaragoza,Saltillo,Saltillo,Fraccionamiento,Albatros Residencial,25001
25208,Coahuila de Zaragoza,Saltillo,Saltillo,Fraccionamiento,Jardines del Campestre Residencial,25001
25208,Coahuila de Zaragoza,Saltillo,Saltillo,Fraccionamiento,Loma Blanca,25001
25208,Coahuila de Zaragoza,Saltillo,Saltillo,Fraccionamiento,Los Bosques,25001
25208,Coahuila de Zaragoza,Saltillo,Saltillo,Fraccionamiento,Vivennto Residencial,25001
25208,Coahuila de Zaragoza,Saltillo,Saltillo,Fraccionamiento,Nogalar del Campestre,25001
25208,Coahuila de Zaragoza,Saltillo,Saltillo,Fraccionamiento,Campestre Capellanía,25001
25209,Coahuila de Zaragoza,Saltillo,Saltillo,Colonia,Los Valdez,25001
25209,Coahuila de Zaragoza,Saltillo,Saltillo,Fraccionamiento,Villa San Juan,25001
25209,Coahuila de Zaragoza,Saltillo,Saltillo,Fraccionamiento,Rincón de los Adobes,25001
25209,Coahuila de Zaragoza,Saltillo,Saltillo,Fraccionamiento,Rincón de Alcántara,25001
25209,Coahuila de Zaragoza,Saltillo,Saltillo,Fraccionamiento,Sorrento,25001
25209,Coahuila de Zaragoza,Saltillo,Saltillo,Colonia,Lomas de Peña,25001
25209,Coahuila de Zaragoza,Saltillo,Saltillo,Colonia,San Juan Bautista,25001
25209,Coahuila de Zaragoza,Saltillo,Saltillo,Fraccionamiento,Torrealta Residencial,25001
25209,Coahuila de Zaragoza,Saltillo,Saltillo,Fraccionamiento,Rincón de los Encinos,25001
25209,Coahuila de Zaragoza,Saltillo,Saltillo,Fraccionamiento,Punta Bosque,25001
25209,Coahuila de Zaragoza,Saltillo,Saltillo,Colonia,La Poza,25001
25209,Coahuila de Zaragoza,Saltillo,Saltillo,Fraccionamiento,Peña Alta,25001
25209,Coahuila de Zaragoza,Saltillo,Saltillo,Fraccionamiento,Seterra Residencial,25001
25209,Coahuila de Zaragoza,Saltillo,Saltillo,Fraccionamiento,Torrada Residencial,25001
25209,Coahuila de Zaragoza,Saltillo,Saltillo,Fraccionamiento,Campestre la Poza,25001
25209,Coahuila de Zaragoza,Saltillo,Saltillo,Fraccionamiento,El Campanario,25001
25209,Coahuila de Zaragoza,Saltillo,Saltillo,Fraccionamiento,Las Misiones,25001
25209,Coahuila de Zaragoza,Saltillo,Saltillo,Fraccionamiento,Quinta Real,25001
25209,Coahuila de Zaragoza,Saltillo,Saltillo,Colonia,Los Arrayanes,25001
25209,Coahuila de Zaragoza,Saltillo,Saltillo,Fraccionamiento,Santa Rosa Residencial,25001
25209,Coahuila de Zaragoza,Saltillo,Saltillo,Fraccionamiento,Villa del Carmen Residencial,25001
25210,Coahuila de Zaragoza,Saltillo,Saltillo,Colonia,Hacienda de Peña,25001
25210,Coahuila de Zaragoza,Saltillo,Saltillo,Colonia,Las Brisas,25001
25210,Coahuila de Zaragoza,Saltillo,Saltillo,Fraccionamiento,Los Álamos,25001
25210,Coahuila de Zaragoza,Saltillo,Saltillo,Colonia,Nueva España,25001
25210,Coahuila de Zaragoza,Saltillo,Saltillo,Colonia,Rancho de Peña,25001
25210,Coahuila de Zaragoza,Saltillo,Saltillo,Fraccionamiento,Rivera del Valle,25001
25210,Coahuila de Zaragoza,Saltillo,Saltillo,Fraccionamiento,La Noria,25001
25210,Coahuila de Zaragoza,Saltillo,Saltillo,Fraccionamiento,Villa Vergel Residencial,25001
25210,Coahuila de Zaragoza,Saltillo,Saltillo,Fraccionamiento,Privadas de Santiago,25001
25210,Coahuila de Zaragoza,Saltillo,Saltillo,Fraccionamiento,Valle las Palmas,25001
25210,Coahuila de Zaragoza,Saltillo,Saltillo,Fraccionamiento,Oasis,25001
25215,Coahuila de Zaragoza,Saltillo,Saltillo,Colonia,Valle San Agustín,25001
25220,Coahuila de Zaragoza,Saltillo,Saltillo,Unidad habitacional,Río Bravo,25001
25220,Coahuila de Zaragoza,Saltillo,Saltillo,Colonia,Virreyes Obrera,25001
25220,Coahuila de Zaragoza,Saltillo,Saltillo,Colonia,Virreyes Popular,25001
25220,Coahuila de Zaragoza,Saltillo,Saltillo,Fraccionamiento,Residencial los Encinos,25001
25220,Coahuila de Zaragoza,Saltillo,Saltillo,Zona industrial,Zona Industrial,25001
25225,Coahuila de Zaragoza,Saltillo,Saltillo,Colonia,Virreyes Colonial,25001
25225,Coahuila de Zaragoza,Saltillo,Saltillo,Fraccionamiento,Brisas Poniente,25001
25225,Coahuila de Zaragoza,Saltillo,Saltillo,Zona industrial,Virreyes Industrial,25001
25230,Coahuila de Zaragoza,Saltillo,Saltillo,Colonia,Villa Olímpica,25001
25230,Coahuila de Zaragoza,Saltillo,Saltillo,Unidad habitacional,FOVISSSTE Virreyes,25001
25230,Coahuila de Zaragoza,Saltillo,Saltillo,Colonia,Virreyes Residencial,25001
25238,Coahuila de Zaragoza,Saltillo,Saltillo,Colonia,Valle de los Virreyes,25001
25239,Coahuila de Zaragoza,Saltillo,Saltillo,Colonia,Virreyes Pensiones,25001
25239,Coahuila de Zaragoza,Saltillo,Saltillo,Fraccionamiento,Cima de Virreyes Residencial,25001
25240,Coahuila de Zaragoza,Saltillo,Saltillo,Colonia,Kiosco,25001
25240,Coahuila de Zaragoza,Saltillo,Saltillo,Colonia,Jardín,25001
25240,Coahuila de Zaragoza,Saltillo,Saltillo,Colonia,La Salle,25001
25240,Coahuila de Zaragoza,Saltillo,Saltillo,Colonia,Privadas Luxemburgo,25001
25240,Coahuila de Zaragoza,Saltillo,Saltillo,Colonia,Santiago,25001
25240,Coahuila de Zaragoza,Saltillo,Saltillo,Fraccionamiento,San Luis,25001
25240,Coahuila de Zaragoza,Saltillo,Saltillo,Fraccionamiento,Villas de San Fernando,25001
25240,Coahuila de Zaragoza,Saltillo,Saltillo,Fraccionamiento,Villa Olímpica Oriente,25001
25250,Coahuila de Zaragoza,Saltillo,Saltillo,Colonia,Los Doctores,25001
25250,Coahuila de Zaragoza,Saltillo,Saltillo,Fraccionamiento,Villas de San Carlos,25001
25250,Coahuila de Zaragoza,Saltillo,Saltillo,Fraccionamiento,Villas de San Gabriel,25001
25250,Coahuila de Zaragoza,Saltillo,Saltillo,Fraccionamiento,Villas de San Isidro,25001
25253,Coahuila de Zaragoza,Saltillo,Saltillo,Colonia,Alpes Norte,25001
25253,Coahuila de Zaragoza,Saltillo,Saltillo,Colonia,Lagos Continental,25001
25253,Coahuila de Zaragoza,Saltillo,Saltillo,Fraccionamiento,Residencial los Reales,25001
25253,Coahuila de Zaragoza,Saltillo,Saltillo,Equipamiento,Centro de Investigación en Química Aplicada,25001
25254,Coahuila de Zaragoza,Saltillo,Saltillo,Fraccionamiento,San Isidro,25001
25256,Coahuila de Zaragoza,Saltillo,Saltillo,Colonia,Real de Peña,25001
25260,Coahuila de Zaragoza,Saltillo,Saltillo,Colonia,Insurgentes,25001
25260,Coahuila de Zaragoza,Saltillo,Saltillo,Colonia,Jardines del Valle,25001
25260,Coahuila de Zaragoza,Saltillo,Saltillo,Colonia,Los Maestros,25001
25260,Coahuila de Zaragoza,Saltillo,Saltillo,Colonia,Universidad,25001
25260,Coahuila de Zaragoza,Saltillo,Saltillo,Colonia,Privada Santa María,25001
25265,Coahuila de Zaragoza,Saltillo,Saltillo,Colonia,República Poniente,25001
25270,Coahuila de Zaragoza,Saltillo,Saltillo,Colonia,Cumbres,25001
25270,Coahuila de Zaragoza,Saltillo,Saltillo,Colonia,Latinoamericana,25001
25270,Coahuila de Zaragoza,Saltillo,Saltillo,Colonia,Alpes,25001
25270,Coahuila de Zaragoza,Saltillo,Saltillo,Colonia,Los Ángeles,25001
25277,Coahuila de Zaragoza,Saltillo,Saltillo,Colonia,Jardín Oriente,25001
25279,Coahuila de Zaragoza,Saltillo,Saltillo,Fraccionamiento,Residencial los Parques,25001
25280,Coahuila de Zaragoza,Saltillo,Saltillo,Colonia,El Olmo,25001
25280,Coahuila de Zaragoza,Saltillo,Saltillo,Colonia,Guanajuato,25001
25280,Coahuila de Zaragoza,Saltillo,Saltillo,Unidad habitacional,ISSSTE,25001
25280,Coahuila de Zaragoza,Saltillo,Saltillo,Colonia,Jardines del Lago,25001
25280,Coahuila de Zaragoza,Saltillo,Saltillo,Colonia,República,25001
25280,Coahuila de Zaragoza,Saltillo,Saltillo,Colonia,República Norte,25001
25280,Coahuila de Zaragoza,Saltillo,Saltillo,Colonia,República Oriente,25001
25280,Coahuila de Zaragoza,Saltillo,Saltillo,Colonia,Tecnológico,25001
25280,Coahuila de Zaragoza,Saltillo,Saltillo,Colonia,Rancho las Varas,25001
25284,Coahuila de Zaragoza,Saltillo,Saltillo,Colonia,Topo Chico,25001
25285,Coahuila de Zaragoza,Saltillo,Saltillo,Colonia,Joyas del Boulevard,25001
25286,Coahuila de Zaragoza,Saltillo,Saltillo,Colonia,Guanajuato Oriente,25001
25286,Coahuila de Zaragoza,Saltillo,Saltillo,Fraccionamiento,Los Adobes,25001
25290,Coahuila de Zaragoza,Saltillo,Saltillo,Colonia,América,25001
25290,Coahuila de Zaragoza,Saltillo,Saltillo,Colonia,Europa,25001
25290,Coahuila de Zaragoza,Saltillo,Saltillo,Colonia,Oceanía,25001
25290,Coahuila de Zaragoza,Saltillo,Saltillo,Colonia,Oceanía Boulevares,25001
25290,Coahuila de Zaragoza,Saltillo,Saltillo,Colonia,Saltillo 400,25001
25290,Coahuila de Zaragoza,Saltillo,Saltillo,Unidad habitacional,Valle de las Flores INFONAVIT,25001
25290,Coahuila de Zaragoza,Saltillo,Saltillo,Colonia,Privadas de Aragón,25001
25290,Coahuila de Zaragoza,Saltillo,Saltillo,Fraccionamiento,Portales de Aragón,25001
25290,Coahuila de Zaragoza,Saltillo,Saltillo,Fraccionamiento,Las Flores,25001
25290,Coahuila de Zaragoza,Saltillo,Saltillo,Colonia,Avícola,25001
25293,Coahuila de Zaragoza,Saltillo,Saltillo,Fraccionamiento,Real Hibernia,25001
25293,Coahuila de Zaragoza,Saltillo,Saltillo,Fraccionamiento,Villa Hibernia,25001
25293,Coahuila de Zaragoza,Saltillo,Saltillo,Fraccionamiento,Rincón del Cielo,25001
25293,Coahuila de Zaragoza,Saltillo,Saltillo,Fraccionamiento,Rinconada de la Hibernia,25001
25294,Coahuila de Zaragoza,Saltillo,Saltillo,Fraccionamiento,Terranova,25001
25294,Coahuila de Zaragoza,Saltillo,Saltillo,Fraccionamiento,Terralta,25001
25294,Coahuila de Zaragoza,Saltillo,Saltillo,Unidad habitacional,Magisterio Sección 38,25001
25294,Coahuila de Zaragoza,Saltillo,Saltillo,Colonia,Los Zacatones,25001
25294,Coahuila de Zaragoza,Saltillo,Saltillo,Zona industrial,Parque Industrial Cerritos,25001
25294,Coahuila de Zaragoza,Saltillo,Saltillo,Fraccionamiento,Visalta,25001
25294,Coahuila de Zaragoza,Saltillo,Saltillo,Fraccionamiento,El Sáuz,25001
25294,Coahuila de Zaragoza,Saltillo,Saltillo,Fraccionamiento,Santa Bárbara,25001
25294,Coahuila de Zaragoza,Saltillo,Saltillo,Colonia,San José de los Cerritos,25001
25294,Coahuila de Zaragoza,Saltillo,Saltillo,Fraccionamiento,Leandro Valle,25001
25294,Coahuila de Zaragoza,Saltillo,Saltillo,Colonia,Los Cerritos,25001
25294,Coahuila de Zaragoza,Saltillo,Saltillo,Fraccionamiento,Camino Real,25001
25294,Coahuila de Zaragoza,Saltillo,Saltillo,Zona industrial,Ex Hacienda los Cerritos,25001
25294,Coahuila de Zaragoza,Saltillo,Saltillo,Fraccionamiento,Hacienda Real,25001
25295,Coahuila de Zaragoza,Saltillo,Saltillo,Fraccionamiento,Residencial el Tapanco,25001
25295,Coahuila de Zaragoza,Saltillo,Saltillo,Colonia,Las Praderas,25001
25295,Coahuila de Zaragoza,Saltillo,Saltillo,Colonia,Las Margaritas,25001
25296,Coahuila de Zaragoza,Saltillo,Saltillo,Colonia,Bonanza,25001
25296,Coahuila de Zaragoza,Saltillo,Saltillo,Fraccionamiento,Bugambilias,25001
25296,Coahuila de Zaragoza,Saltillo,Saltillo,Colonia,La Florida,25001
25296,Coahuila de Zaragoza,Saltillo,Saltillo,Colonia,Nueva Aurora,25001
25296,Coahuila de Zaragoza,Saltillo,Saltillo,Colonia,Villas de la Aurora,25001
25296,Coahuila de Zaragoza,Saltillo,Saltillo,Fraccionamiento,Hacienda la Aurora Residencial,25001
25296,Coahuila de Zaragoza,Saltillo,Saltillo,Fraccionamiento,Cruz del Aire,25001
25296,Coahuila de Zaragoza,Saltillo,Saltillo,Fraccionamiento,Rincón de la Florida,25001
25296,Coahuila de Zaragoza,Saltillo,Saltillo,Fraccionamiento,La Rosa,25001
25296,Coahuila de Zaragoza,Saltillo,Saltillo,Fraccionamiento,Los Geranios,25001
25297,Coahuila de Zaragoza,Saltillo,Saltillo,Colonia,La Hibernia,25001
25297,Coahuila de Zaragoza,Saltillo,Saltillo,Fraccionamiento,Los Cipreses,25001
25297,Coahuila de Zaragoza,Saltillo,Saltillo,Colonia,Nueva Libertad,25001
25297,Coahuila de Zaragoza,Saltillo,Saltillo,Colonia,Los Tulipanes,25001
25297,Coahuila de Zaragoza,Saltillo,Saltillo,Fraccionamiento,Alcazar Residencial,25001
25297,Coahuila de Zaragoza,Saltillo,Saltillo,Fraccionamiento,Los Chabacanos,25001
25297,Coahuila de Zaragoza,Saltillo,Saltillo,Fraccionamiento,Gustavo Díaz Ordaz,25001
25297,Coahuila de Zaragoza,Saltillo,Saltillo,Fraccionamiento,La Fragua,25001
25297,Coahuila de Zaragoza,Saltillo,Saltillo,Fraccionamiento,Privada Tulipanes,25001
25297,Coahuila de Zaragoza,Saltillo,Saltillo,Fraccionamiento,Los Olivos Residencial,25001
25297,Coahuila de Zaragoza,Saltillo,Saltillo,Colonia,El Baluarte,25001
25297,Coahuila de Zaragoza,Saltillo,Saltillo,Fraccionamiento,El Rosario,25001
25297,Coahuila de Zaragoza,Saltillo,Saltillo,Fraccionamiento,Balcones de la Aurora,25001
25298,Coahuila de Zaragoza,Saltillo,Saltillo,Fraccionamiento,Portareal Residencial,25001
25298,Coahuila de Zaragoza,Saltillo,Saltillo,Fraccionamiento,Universidad la Salle,25001
25298,Coahuila de Zaragoza,Saltillo,Saltillo,Colonia,La Libertad el Puente,25001
25298,Coahuila de Zaragoza,Saltillo,Saltillo,Colonia,La Aurora,25001
25298,Coahuila de Zaragoza,Saltillo,Saltillo,Colonia,Los Manantiales,25001
25298,Coahuila de Zaragoza,Saltillo,Saltillo,Fraccionamiento,Las Canteras,25001
25298,Coahuila de Zaragoza,Saltillo,Saltillo,Fraccionamiento,Terrazas Residencial,25001
25298,Coahuila de Zaragoza,Saltillo,Saltillo,Fraccionamiento,Villas la Joya,25001
25298,Coahuila de Zaragoza,Saltillo,Saltillo,Colonia,La Libertad,25001
25298,Coahuila de Zaragoza,Saltillo,Saltillo,Colonia,La Trinidad,25001
25298,Coahuila de Zaragoza,Saltillo,Saltillo,Fraccionamiento,Real de Torrecillas Residencial,25001
25298,Coahuila de Zaragoza,Saltillo,Saltillo,Fraccionamiento,Villa Fontana,25001
25298,Coahuila de Zaragoza,Saltillo,Saltillo,Fraccionamiento,Tierra Santa Residencial,25001
25298,Coahuila de Zaragoza,Saltillo,Saltillo,Fraccionamiento,Lenna Residencial,25001
25298,Coahuila de Zaragoza,Saltillo,Saltillo,Fraccionamiento,Villa Colonial,25001
25298,Coahuila de Zaragoza,Saltillo,Saltillo,Fraccionamiento,Plaza Armillita,25001
25298,Coahuila de Zaragoza,Saltillo,Saltillo,Fraccionamiento,Bosques de la Aurora,25001
25298,Coahuila de Zaragoza,Saltillo,Saltillo,Fraccionamiento,Jardines del Plaza,25001
25298,Coahuila de Zaragoza,Saltillo,Saltillo,Fraccionamiento,Cerrada del Plaza,25001
25298,Coahuila de Zaragoza,Saltillo,Saltillo,Colonia,La Herradura,25001
25298,Coahuila de Zaragoza,Saltillo,Saltillo,Fraccionamiento,Privadas Plaza,25001
25298,Coahuila de Zaragoza,Saltillo,Saltillo,Fraccionamiento,La Escondida,25001
25298,Coahuila de Zaragoza,Saltillo,Saltillo,Fraccionamiento,Faena,25001
25298,Coahuila de Zaragoza,Saltillo,Saltillo,Fraccionamiento,Rincón Campestre,25001
25298,Coahuila de Zaragoza,Saltillo,Saltillo,Fraccionamiento,Monte Sabino Residencial,25001
25298,Coahuila de Zaragoza,Saltillo,Saltillo,Fraccionamiento,Las Villas Residencial,25001
25298,Coahuila de Zaragoza,Saltillo,Saltillo,Fraccionamiento,Montalia,25001
25298,Coahuila de Zaragoza,Saltillo,Saltillo,Fraccionamiento,Emiliano Zapata,25001
25298,Coahuila de Zaragoza,Saltillo,Saltillo,Fraccionamiento,San Ángel,25001
25298,Coahuila de Zaragoza,Saltillo,Saltillo,Fraccionamiento,Santa Cristina,25001
25298,Coahuila de Zaragoza,Saltillo,Saltillo,Colonia,La Palmilla,25001
25298,Coahuila de Zaragoza,Saltillo,Saltillo,Fraccionamiento,Rosales de la Aurora,25001
25298,Coahuila de Zaragoza,Saltillo,Saltillo,Colonia,La Cieneguita,25001
25298,Coahuila de Zaragoza,Saltillo,Saltillo,Colonia,San Luis,25001
25298,Coahuila de Zaragoza,Saltillo,Saltillo,Fraccionamiento,Real de Villas de la Aurora,25001
25298,Coahuila de Zaragoza,Saltillo,Saltillo,Fraccionamiento,El Toreo,25001
25298,Coahuila de Zaragoza,Saltillo,Saltillo,Colonia,Hacienda San Carlos,25001
25298,Coahuila de Zaragoza,Saltillo,Saltillo,Fraccionamiento,La Ciudadela,25001
25298,Coahuila de Zaragoza,Saltillo,Saltillo,Fraccionamiento,Los Molinos,25001
25298,Coahuila de Zaragoza,Saltillo,Saltillo,Colonia,Torrecillas y Ramones,25001
25298,Coahuila de Zaragoza,Saltillo,Saltillo,Fraccionamiento,Jardines de los Bosques,25001
25298,Coahuila de Zaragoza,Saltillo,Saltillo,Fraccionamiento,Residencial Plaza,25001
25298,Coahuila de Zaragoza,Saltillo,Saltillo,Colonia,San José Oriente,25001
25298,Coahuila de Zaragoza,Saltillo,Saltillo,Colonia,Conejo Ixtlero,25001
25298,Coahuila de Zaragoza,Saltillo,Saltillo,Fraccionamiento,Villa Bonita,25001
25298,Coahuila de Zaragoza,Saltillo,Saltillo,Fraccionamiento,Villas de San Sebastián,25001
25298,Coahuila de Zaragoza,Saltillo,Saltillo,Fraccionamiento,Rincones de la Aurora,25001
25298,Coahuila de Zaragoza,Saltillo,Saltillo,Colonia,Alondra,25001
25298,Coahuila de Zaragoza,Saltillo,Saltillo,Fraccionamiento,Villas de Guadalupe,25001
25298,Coahuila de Zaragoza,Saltillo,Saltillo,Fraccionamiento,Villas del Camino Real,25001
25298,Coahuila de Zaragoza,Saltillo,Saltillo,Fraccionamiento,Puerta del Rey,25001
25300,Coahuila de Zaragoza,Saltillo,,Ejido,Providencia,25001
25300,Coahuila de Zaragoza,Saltillo,,Ejido,San José de la Joya,25001
25300,Coahuila de Zaragoza,Saltillo,,Zona industrial,Parque Industrial Santa Mónica,25001
25300,Coahuila de Zaragoza,Saltillo,,Zona industrial,Parque Industrial Santa Fe,25001
25300,Coahuila de Zaragoza,Saltillo,,Zona industrial,Chrysler de México,25001
25301,Coahuila de Zaragoza,Saltillo,,Ranchería,El Clavel,25001
25301,Coahuila de Zaragoza,Saltillo,,Ejido,Hedionda del Lobo,25001
25301,Coahuila de Zaragoza,Saltillo,,Ejido,La Noria,25001
25302,Coahuila de Zaragoza,Saltillo,,Ejido,El Derramadero,25001
25302,Coahuila de Zaragoza,Saltillo,,Ejido,Santa Teresa de los Muchachos,25001
25302,Coahuila de Zaragoza,Saltillo,,Ejido,El Refugio de las Cajas,25001
25302,Coahuila de Zaragoza,Saltillo,,Rancho,Cadereyta (La Pompa),25001
25302,Coahuila de Zaragoza,Saltillo,,Ranchería,El Campestre,25001
25303,Coahuila de Zaragoza,Saltillo,,Ejido,Rancho Nuevo,25001
25303,Coahuila de Zaragoza,Saltillo,,Ejido,Chapula,25001
25303,Coahuila de Zaragoza,Saltillo,,Ejido,San Blas,25001
25303,Coahuila de Zaragoza,Saltillo,,Ejido,Santa Rita,25001
25303,Coahuila de Zaragoza,Saltillo,,Ejido,San Eligio (Anexo Santa Teresa),25001
25303,Coahuila de Zaragoza,Saltillo,,Colonia,La Nogalera (San Alberto),25001
25303,Coahuila de Zaragoza,Saltillo,,Colonia,Los Carrizales,25001
25304,Coahuila de Zaragoza,Saltillo,,Ejido,San Juan de la Vaquería,25001
25304,Coahuila de Zaragoza,Saltillo,,Zona industrial,Daimler Freightliner,25001
25304,Coahuila de Zaragoza,Saltillo,,Zona industrial,Parque Industrial Alianza Derramadero,25001
25305,Coahuila de Zaragoza,Saltillo,,Rancho,Pino Real [Fraccionamiento Campestre],25001
25305,Coahuila de Zaragoza,Saltillo,,Exhacienda,San José de los Cerritos,25001
25306,Coahuila de Zaragoza,Saltillo,,Ejido,Cuauhtémoc,25001
25306,Coahuila de Zaragoza,Saltillo,,Ejido,El Recreo,25001
25307,Coahuila de Zaragoza,Saltillo,,Ejido,La Encantada,25001
25307,Coahuila de Zaragoza,Saltillo,,Paraje,La Encantada [Estación],25001
25310,Coahuila de Zaragoza,Saltillo,,Rancho,El Caracol,25001
25310,Coahuila de Zaragoza,Saltillo,,Ejido,El Sauz,25001
25310,Coahuila de Zaragoza,Saltillo,,Ejido,Cinco de Mayo,25001
25311,Coahuila de Zaragoza,Saltillo,,Ejido,Cuautla,25001
25311,Coahuila de Zaragoza,Saltillo,,Ejido,La Majada y Tinaja,25001
25311,Coahuila de Zaragoza,Saltillo,,Ejido,Plan de Ayala,25001
25311,Coahuila de Zaragoza,Saltillo,,Ejido,Puebla,25001
25311,Coahuila de Zaragoza,Saltillo,,Colonia,El Paraíso,25001
25313,Coahuila de Zaragoza,Saltillo,,Ejido,Llanos de la Unión,25001
25313,Coahuila de Zaragoza,Saltillo,,Ejido,José María Morelos (Tanque Roto),25001
25315,Coahuila de Zaragoza,Saltillo,Saltillo,Colonia,Buenavista,25001
25315,Coahuila de Zaragoza,Saltillo,Saltillo,Ejido,La Angostura,25001
25315,Coahuila de Zaragoza,Saltillo,Saltillo,Colonia,Rincón de los Pastores,25001
25315,Coahuila de Zaragoza,Saltillo,Saltillo,Colonia,Eulalio Gutiérrez Treviño,25001
25315,Coahuila de Zaragoza,Saltillo,,Colonia,Ampliación Rincón de los Pastores,25001
25316,Coahuila de Zaragoza,Saltillo,,Ranchería,La Parcela 74,25001
25316,Coahuila de Zaragoza,Saltillo,,Colonia,La Magueyada,25001
25317,Coahuila de Zaragoza,Saltillo,,Ejido,Llanos de la Unión,25001
25318,Coahuila de Zaragoza,Saltillo,,Ejido,Palma Gorda,25001
25320,Coahuila de Zaragoza,Saltillo,,Paraje,Agua Nueva [Estación],25001
25320,Coahuila de Zaragoza,Saltillo,,Ejido,El Jagüey de Ferniza,25001
25320,Coahuila de Zaragoza,Saltillo,,Zona industrial,Parque Industrial Derramadero,25001
25320,Coahuila de Zaragoza,Saltillo,,Colonia,La Peñita,25001
25321,Coahuila de Zaragoza,Saltillo,,Ejido,Santa Fe de los Linderos,25001
25321,Coahuila de Zaragoza,Saltillo,,Ejido,Santa Fe de los Linderos (Sector 2),25001
25322,Coahuila de Zaragoza,Saltillo,,Ejido,Hedionda Grande,25001
25324,Coahuila de Zaragoza,Saltillo,,Ejido,Agua Nueva,25001
25324,Coahuila de Zaragoza,Saltillo,,Rancho,Los Ángeles,25001
25325,Coahuila de Zaragoza,Saltillo,,Paraje,Estación Carneros,25001
25325,Coahuila de Zaragoza,Saltillo,,Ejido,Las Colonias,25001
25326,Coahuila de Zaragoza,Saltillo,,Ejido,Buñuelos,25001
25326,Coahuila de Zaragoza,Saltillo,,Ejido,San Felipe,25001
25327,Coahuila de Zaragoza,Saltillo,,Ejido,Tanque de Emergencia,25001
25328,Coahuila de Zaragoza,Saltillo,,Ejido,El Cercado,25001
25328,Coahuila de Zaragoza,Saltillo,,Ejido,Puyas y las Hormigas (Las Hormigas),25001
25329,Coahuila de Zaragoza,Saltillo,,Ejido,La Esperanza (Las Puyas),25001
25329,Coahuila de Zaragoza,Saltillo,,Ejido,San José del Alamito,25001
25329,Coahuila de Zaragoza,Saltillo,,Ejido,El Venado (Profesor Roberto Barrios),25001
25330,Coahuila de Zaragoza,Saltillo,,Paraje,Estación el Fraile,25001
25330,Coahuila de Zaragoza,Saltillo,,Ejido,La India,25001
25331,Coahuila de Zaragoza,Saltillo,,Rancho,Santa Anita,25001
25331,Coahuila de Zaragoza,Saltillo,,Ejido,Santa Victoria,25001
25332,Coahuila de Zaragoza,Saltillo,,Ejido,Astillero,25001
25332,Coahuila de Zaragoza,Saltillo,,Ejido,Palmas Altas,25001
25332,Coahuila de Zaragoza,Saltillo,,Ejido,Tinajuela,25001
25333,Coahuila de Zaragoza,Saltillo,,Ejido,Zacatera,25001
25333,Coahuila de Zaragoza,Saltillo,,Ejido,Refugio de Altamira,25001
25334,Coahuila de Zaragoza,Saltillo,,Ejido,Benito Juárez,25001
25334,Coahuila de Zaragoza,Saltillo,,Ejido,El Mezquite,25001
25334,Coahuila de Zaragoza,Saltillo,,Ejido,El Salitre,25001
25334,Coahuila de Zaragoza,Saltillo,,Ejido,Guadalupe Victoria,25001
25334,Coahuila de Zaragoza,Saltillo,,Ejido,Las Mangas,25001
25334,Coahuila de Zaragoza,Saltillo,,Ejido,Potrero de San Pedro,25001
25335,Coahuila de Zaragoza,Saltillo,,Ranchería,Gómez Farías,25001
25335,Coahuila de Zaragoza,Saltillo,,Ejido,San Miguel (San Miguel del Banco),25001
25335,Coahuila de Zaragoza,Saltillo,,Ejido,La Puerta (Anexo San Miguel del Banco),25001
25336,Coahuila de Zaragoza,Saltillo,,Ejido,Presa de los Muchachos,25001
25336,Coahuila de Zaragoza,Saltillo,,Ejido,San Francisco del Ejido,25001
25336,Coahuila de Zaragoza,Saltillo,,Ejido,San Juan del Retiro,25001
25336,Coahuila de Zaragoza,Saltillo,,Ejido,Nuevo Gómez Farías,25001
25336,Coahuila de Zaragoza,Saltillo,,Ejido,La Cuchilla,25001
25337,Coahuila de Zaragoza,Saltillo,,Ejido,El Colorado,25001
25337,Coahuila de Zaragoza,Saltillo,,Ejido,El Rayado,25001
25337,Coahuila de Zaragoza,Saltillo,,Ejido,Presa de Guadalupe,25001
25337,Coahuila de Zaragoza,Saltillo,,Ejido,El Porvenir,25001
25338,Coahuila de Zaragoza,Saltillo,,Ejido,Jazminal,25001
25338,Coahuila de Zaragoza,Saltillo,,Ejido,Punta Santa Elena,25001
25340,Coahuila de Zaragoza,Saltillo,,Ejido,Presa de San Pedro,25001
25340,Coahuila de Zaragoza,Saltillo,,Ejido,Santa Rosa,25001
25343,Coahuila de Zaragoza,Saltillo,,Ejido,Encarnación de Guzmán,25001
25343,Coahuila de Zaragoza,Saltillo,,Rancho,San Isidro,25001
25343,Coahuila de Zaragoza,Saltillo,,Ejido,Tanque Escondido,25001
25343,Coahuila de Zaragoza,Saltillo,,Colonia,Puerto Rocamontes,25001
25344,Coahuila de Zaragoza,Saltillo,,Paraje,Santa Elena [Estación],25001
25344,Coahuila de Zaragoza,Saltillo,,Ejido,La Colonia de San Sebastián,25001
25345,Coahuila de Zaragoza,Saltillo,,Ejido,Presa de San Javier,25001
25346,Coahuila de Zaragoza,Saltillo,,Ejido,La Purísima,25001
25347,Coahuila de Zaragoza,Saltillo,,Ejido,La Ventura,25001
25347,Coahuila de Zaragoza,Saltillo,,Ejido,Tanque del Cerro,25001
25348,Coahuila de Zaragoza,Saltillo,,Ejido,El Ranchito,25001
